itr,loss
0,3883.76489258
1,3034.68017578
2,2843.93994141
3,3233.01831055
4,3453.77319336
5,3014.45654297
