itr,loss
0,14034.1962891
1,12441.4013672
2,11132.9443359
3,10039.3857422
4,8560.38085938
